{"initial_reset_timestamp": 1554790482.316892, "timestamps": [1554790492.3757389, 1554790502.618711, 1554790511.210975, 1554790521.4918468, 1554790534.277726], "episode_lengths": [200, 200, 200, 200, 200], "episode_rewards": [-1617.85498046875, -1077.995849609375, -1488.2559814453125, -852.4909057617188, -1633.2122802734375], "episode_types": ["t", "t", "t", "t", "t", "t"]}